Date,Price
16/05/2025,"7.106,53"
15/05/2025,"7.040,16"
14/05/2025,"6.979,88"
9/5/2025,"6.832,80"
8/5/2025,"6.827,75"
7/5/2025,"6.926,23"
6/5/2025,"6.898,20"
5/5/2025,"6.831,95"
2/5/2025,"6.815,73"
30/04/2025,"6.766,79"
29/04/2025,"6.749,08"
28/04/2025,"6.722,97"
25/04/2025,"6.678,92"
24/04/2025,"6.613,48"
23/04/2025,"6.634,38"
22/04/2025,"6.538,27"
21/04/2025,"6.445,97"
17/04/2025,"6.438,27"
16/04/2025,"6.400,05"
15/04/2025,"6.441,68"
14/04/2025,"6.368,52"
11/4/2025,"6.262,23"
10/4/2025,"6.254,02"
9/4/2025,"5.967,99"
8/4/2025,"5.996,14"
27/03/2025,"6.510,62"
26/03/2025,"6.472,36"
25/03/2025,"6.235,62"
24/03/2025,"6.161,22"
21/03/2025,"6.258,18"
20/03/2025,"6.381,67"
19/03/2025,"6.311,66"
18/03/2025,"6.223,39"
17/03/2025,"6.471,95"
14/03/2025,"6.515,63"
13/03/2025,"6.647,42"
12/3/2025,"6.665,04"
11/3/2025,"6.545,85"
10/3/2025,"6.598,21"
7/3/2025,"6.636,00"
6/3/2025,"6.617,85"
5/3/2025,"6.531,40"
4/3/2025,"6.380,40"
3/3/2025,"6.519,66"
28/02/2025,"6.270,60"
27/02/2025,"6.485,45"
26/02/2025,"6.606,18"
25/02/2025,"6.587,09"
24/02/2025,"6.749,60"
21/02/2025,"6.803,00"
20/02/2025,"6.788,04"
19/02/2025,"6.794,87"
18/02/2025,"6.873,55"
17/02/2025,"6.830,88"
14/02/2025,"6.638,46"
13/02/2025,"6.613,57"
12/2/2025,"6.645,78"
11/2/2025,"6.531,99"
10/2/2025,"6.648,14"
7/2/2025,"6.742,58"
6/2/2025,"6.875,54"
5/2/2025,"7.024,23"
4/2/2025,"7.073,46"
3/2/2025,"7.030,06"
31/01/2025,"7.109,20"
30/01/2025,"7.073,48"
24/01/2025,"7.166,06"
23/01/2025,"7.232,64"
22/01/2025,"7.257,13"
21/01/2025,"7.181,82"
20/01/2025,"7.170,74"
17/01/2025,"7.154,66"
16/01/2025,"7.107,52"
15/01/2025,"7.079,56"
14/01/2025,"6.956,67"
13/01/2025,"7.016,88"
10/1/2025,"7.088,87"
9/1/2025,"7.064,59"
8/1/2025,"7.080,35"
7/1/2025,"7.083,28"
6/1/2025,"7.080,47"
3/1/2025,"7.164,43"
2/1/2025,"7.163,21"
30/12/2024,"7.079,90"
27/12/2024,"7.036,57"
24/12/2024,"7.065,75"
23/12/2024,"7.096,44"
20/12/2024,"6.983,87"
19/12/2024,"6.977,24"
18/12/2024,"7.107,88"
17/12/2024,"7.157,73"
16/12/2024,"7.258,63"
13/12/2024,"7.324,79"
12/12/2024,"7.394,24"
11/12/2024,"7.464,75"
10/12/2024,"7.453,29"
9/12/2024,"7.437,73"
6/12/2024,"7.382,79"
5/12/2024,"7.313,31"
4/12/2024,"7.326,76"
3/12/2024,"7.196,02"
2/12/2024,"7.046,99"
29/11/2024,"7.114,27"
28/11/2024,"7.200,16"
26/11/2024,"7.245,89"
25/11/2024,"7.314,11"
22/11/2024,"7.195,56"
21/11/2024,"7.140,91"
20/11/2024,"7.180,33"
19/11/2024,"7.195,71"
18/11/2024,"7.134,28"
15/11/2024,"7.161,26"
14/11/2024,"7.214,56"
13/11/2024,"7.308,67"
12/11/2024,"7.321,99"
11/11/2024,"7.266,46"
8/11/2024,"7.287,19"
7/11/2024,"7.243,86"
6/11/2024,"7.383,87"
5/11/2024,"7.491,93"
4/11/2024,"7.479,50"
1/11/2024,"7.505,26"
31/10/2024,"7.574,02"
30/10/2024,"7.569,85"
29/10/2024,"7.606,60"
28/10/2024,"7.634,63"
25/10/2024,"7.694,66"
24/10/2024,"7.716,55"
23/10/2024,"7.787,56"
22/10/2024,"7.788,98"
21/10/2024,"7.772,60"
18/10/2024,"7.760,06"
17/10/2024,"7.735,04"
16/10/2024,"7.648,94"
15/10/2024,"7.626,95"
14/10/2024,"7.559,65"
11/10/2024,"7.520,60"
10/10/2024,"7.480,08"
9/10/2024,"7.501,29"
8/10/2024,"7.557,14"
7/10/2024,"7.504,13"
4/10/2024,"7.496,09"
3/10/2024,"7.543,83"
2/10/2024,"7.563,26"
1/10/2024,"7.642,13"
30/09/2024,"7.527,93"
27/09/2024,"7.696,92"
26/09/2024,"7.744,52"
25/09/2024,"7.740,90"
24/09/2024,"7.778,49"
23/09/2024,"7.775,73"
20/09/2024,"7.743,00"
19/09/2024,"7.905,39"
18/09/2024,"7.829,13"
17/09/2024,"7.831,78"
13/09/2024,"7.812,13"
12/9/2024,"7.798,15"
11/9/2024,"7.760,96"
10/9/2024,"7.761,39"
9/9/2024,"7.702,74"
6/9/2024,"7.721,85"
5/9/2024,"7.681,04"
4/9/2024,"7.672,90"
3/9/2024,"7.616,52"
2/9/2024,"7.694,53"
30/08/2024,"7.670,73"
29/08/2024,"7.627,60"
28/08/2024,"7.658,88"
27/08/2024,"7.597,88"
26/08/2024,"7.606,19"
23/08/2024,"7.544,30"
22/08/2024,"7.488,68"
21/08/2024,"7.554,59"
20/08/2024,"7.533,98"
19/08/2024,"7.466,83"
16/08/2024,"7.432,09"
15/08/2024,"7.409,50"
14/08/2024,"7.436,04"
13/08/2024,"7.356,64"
12/8/2024,"7.297,63"
9/8/2024,"7.257,00"
8/8/2024,"7.195,12"
7/8/2024,"7.212,13"
6/8/2024,"7.129,21"
5/8/2024,"7.059,65"
2/8/2024,"7.308,12"
1/8/2024,"7.325,98"
31/07/2024,"7.255,76"
30/07/2024,"7.241,86"
29/07/2024,"7.288,90"
26/07/2024,"7.288,17"
25/07/2024,"7.240,28"
24/07/2024,"7.262,76"
23/07/2024,"7.313,86"
22/07/2024,"7.321,98"
19/07/2024,"7.294,50"
18/07/2024,"7.321,07"
17/07/2024,"7.224,22"
16/07/2024,"7.224,29"
15/07/2024,"7.278,86"
12/7/2024,"7.327,58"
11/7/2024,"7.300,41"
10/7/2024,"7.287,04"
9/7/2024,"7.269,80"
8/7/2024,"7.250,98"
5/7/2024,"7.253,37"
4/7/2024,"7.220,89"
3/7/2024,"7.196,75"
2/7/2024,"7.125,14"
1/7/2024,"7.139,63"
28/06/2024,"7.063,58"
27/06/2024,"6.967,95"
26/06/2024,"6.905,64"
25/06/2024,"6.882,70"
24/06/2024,"6.889,17"
21/06/2024,"6.879,98"
20/06/2024,"6.819,32"
19/06/2024,"6.726,92"
14/06/2024,"6.734,83"
13/06/2024,"6.831,56"
12/6/2024,"6.850,10"
11/6/2024,"6.855,69"
10/6/2024,"6.921,55"
7/6/2024,"6.897,95"
6/6/2024,"6.974,90"
5/6/2024,"6.947,67"
4/6/2024,"7.099,31"
3/6/2024,"7.036,19"
31/05/2024,"6.970,74"
30/05/2024,"7.034,14"
29/05/2024,"7.140,23"
28/05/2024,"7.253,63"
27/05/2024,"7.176,42"
22/05/2024,"7.222,38"
21/05/2024,"7.186,04"
20/05/2024,"7.266,69"
17/05/2024,"7.317,24"
16/05/2024,"7.246,70"
15/05/2024,"7.179,83"
14/05/2024,"7.083,76"
13/05/2024,"7.099,26"
8/5/2024,"7.088,79"
7/5/2024,"7.123,61"
6/5/2024,"7.135,89"
3/5/2024,"7.134,72"
2/5/2024,"7.117,42"
1/5/2024,"7.234,20"
30/04/2024,"7.234,20"
29/04/2024,"7.155,78"
26/04/2024,"7.036,08"
25/04/2024,"7.155,29"
24/04/2024,"7.174,53"
23/04/2024,"7.110,81"
22/04/2024,"7.073,82"
19/04/2024,"7.087,32"
18/04/2024,"7.166,81"
17/04/2024,"7.130,84"
16/04/2024,"7.164,81"
5/4/2024,"7.286,88"
4/4/2024,"7.254,40"
3/4/2024,"7.166,84"
2/4/2024,"7.236,98"
1/4/2024,"7.205,06"
28/03/2024,"7.288,81"
27/03/2024,"7.310,09"
26/03/2024,"7.365,66"
25/03/2024,"7.377,76"
22/03/2024,"7.350,15"
21/03/2024,"7.338,35"
20/03/2024,"7.331,13"
19/03/2024,"7.336,75"
18/03/2024,"7.302,45"
15/03/2024,"7.328,05"
14/03/2024,"7.433,31"
13/03/2024,"7.421,21"
8/3/2024,"7.381,91"
7/3/2024,"7.373,96"
6/3/2024,"7.329,80"
5/3/2024,"7.247,46"
4/3/2024,"7.276,75"
1/3/2024,"7.311,91"
29/02/2024,"7.316,11"
28/02/2024,"7.328,64"
27/02/2024,"7.285,32"
26/02/2024,"7.283,82"
23/02/2024,"7.295,10"
22/02/2024,"7.339,64"
21/02/2024,"7.349,02"
20/02/2024,"7.352,60"
19/02/2024,"7.296,70"
16/02/2024,"7.335,54"
15/02/2024,"7.303,28"
13/02/2024,"7.209,74"
12/2/2024,"7.297,67"
7/2/2024,"7.235,15"
6/2/2024,"7.247,41"
5/2/2024,"7.198,62"
2/2/2024,"7.238,79"
1/2/2024,"7.201,70"
31/01/2024,"7.207,94"
30/01/2024,"7.192,22"
29/01/2024,"7.157,17"
26/01/2024,"7.137,09"
25/01/2024,"7.178,04"
24/01/2024,"7.227,82"
23/01/2024,"7.256,23"
22/01/2024,"7.247,93"
19/01/2024,"7.227,40"
18/01/2024,"7.252,97"
17/01/2024,"7.200,63"
16/01/2024,"7.242,79"
15/01/2024,"7.224,00"
12/1/2024,"7.241,14"
11/1/2024,"7.219,96"
10/1/2024,"7.227,30"
9/1/2024,"7.200,20"
8/1/2024,"7.283,58"
5/1/2024,"7.350,62"
4/1/2024,"7.359,76"
3/1/2024,"7.279,09"
2/1/2024,"7.323,59"
29/12/2023,"7.272,80"
28/12/2023,"7.303,89"
27/12/2023,"7.245,92"
26/12/2023,"7.237,52"
22/12/2023,"7.237,52"
21/12/2023,"7.209,62"
20/12/2023,"7.219,67"
19/12/2023,"7.187,85"
18/12/2023,"7.119,52"
15/12/2023,"7.190,99"
14/12/2023,"7.176,02"
13/12/2023,"7.075,34"
12/12/2023,"7.125,31"
11/12/2023,"7.088,79"
8/12/2023,"7.159,60"
7/12/2023,"7.134,62"
6/12/2023,"7.087,40"
5/12/2023,"7.100,85"
4/12/2023,"7.093,60"
1/12/2023,"7.059,91"
30/11/2023,"7.080,74"
29/11/2023,"7.036,09"
28/11/2023,"7.041,07"
27/11/2023,"7.013,41"
24/11/2023,"7.009,63"
23/11/2023,"7.004,34"
22/11/2023,"6.906,95"
21/11/2023,"6.961,79"
20/11/2023,"6.994,89"
17/11/2023,"6.977,67"
16/11/2023,"6.958,01"
15/11/2023,"6.958,21"
14/11/2023,"6.862,06"
13/11/2023,"6.838,31"
10/11/2023,"6.809,26"
9/11/2023,"6.838,23"
8/11/2023,"6.804,11"
7/11/2023,"6.843,79"
6/11/2023,"6.878,84"
3/11/2023,"6.788,85"
2/11/2023,"6.751,39"
1/11/2023,"6.642,42"
31/10/2023,"6.752,21"
30/10/2023,"6.735,89"
27/10/2023,"6.758,79"
26/10/2023,"6.714,52"
25/10/2023,"6.834,39"
24/10/2023,"6.806,76"
23/10/2023,"6.741,96"
20/10/2023,"6.849,17"
19/10/2023,"6.846,43"
18/10/2023,"6.927,91"
17/10/2023,"6.939,62"
16/10/2023,"6.896,29"
13/10/2023,"6.926,78"
12/10/2023,"6.935,15"
11/10/2023,"6.931,75"
10/10/2023,"6.922,19"
9/10/2023,"6.891,46"
6/10/2023,"6.888,52"
5/10/2023,"6.874,83"
4/10/2023,"6.886,58"
3/10/2023,"6.940,89"
2/10/2023,"6.961,46"
29/09/2023,"6.939,89"
27/09/2023,"6.937,83"
26/09/2023,"6.923,80"
25/09/2023,"6.998,38"
22/09/2023,"7.016,84"
21/09/2023,"6.991,47"
20/09/2023,"7.011,68"
19/09/2023,"6.980,32"
18/09/2023,"6.936,08"
15/09/2023,"6.982,79"
14/09/2023,"6.959,33"
13/09/2023,"6.935,48"
12/9/2023,"6.933,97"
11/9/2023,"6.963,39"
8/9/2023,"6.924,78"
7/9/2023,"6.954,81"
6/9/2023,"6.995,95"
5/9/2023,"6.991,71"
4/9/2023,"6.996,75"
1/9/2023,"6.977,65"
31/08/2023,"6.953,26"
30/08/2023,"6.966,66"
29/08/2023,"6.957,83"
28/08/2023,"6.921,73"
25/08/2023,"6.895,44"
24/08/2023,"6.899,39"
23/08/2023,"6.921,41"
22/08/2023,"6.916,45"
21/08/2023,"6.866,03"
18/08/2023,"6.859,91"
16/08/2023,"6.900,54"
15/08/2023,"6.915,10"
14/08/2023,"6.910,17"
11/8/2023,"6.879,98"
10/8/2023,"6.893,28"
9/8/2023,"6.875,11"
8/8/2023,"6.868,81"
7/8/2023,"6.886,37"
4/8/2023,"6.852,84"
3/8/2023,"6.898,08"
2/8/2023,"6.854,51"
1/8/2023,"6.886,50"
31/07/2023,"6.931,36"
28/07/2023,"6.900,23"
27/07/2023,"6.896,66"
26/07/2023,"6.948,28"
25/07/2023,"6.917,71"
24/07/2023,"6.899,40"
21/07/2023,"6.880,80"
20/07/2023,"6.864,19"
18/07/2023,"6.830,20"
17/07/2023,"6.867,14"
14/07/2023,"6.869,57"
13/07/2023,"6.810,21"
12/7/2023,"6.808,21"
11/7/2023,"6.796,92"
10/7/2023,"6.731,04"
7/7/2023,"6.716,46"
6/7/2023,"6.757,33"
5/7/2023,"6.718,98"
4/7/2023,"6.681,75"
3/7/2023,"6.696,72"
27/06/2023,"6.661,88"
26/06/2023,"6.664,67"
23/06/2023,"6.639,73"
22/06/2023,"6.652,26"
21/06/2023,"6.702,63"
20/06/2023,"6.660,46"
19/06/2023,"6.686,06"
16/06/2023,"6.698,55"
15/06/2023,"6.713,79"
14/06/2023,"6.699,72"
13/06/2023,"6.719,01"
12/6/2023,"6.722,37"
9/6/2023,"6.694,02"
8/6/2023,"6.666,33"
7/6/2023,"6.619,75"
6/6/2023,"6.618,92"
5/6/2023,"6.633,44"
31/05/2023,"6.633,26"
30/05/2023,"6.636,42"
29/05/2023,"6.681,10"
26/05/2023,"6.687,00"
25/05/2023,"6.704,23"
24/05/2023,"6.745,80"
23/05/2023,"6.736,68"
22/05/2023,"6.729,65"
19/05/2023,"6.700,56"
17/05/2023,"6.663,11"
16/05/2023,"6.676,56"
15/05/2023,"6.711,74"
12/5/2023,"6.707,76"
11/5/2023,"6.755,94"
10/5/2023,"6.811,90"
9/5/2023,"6.779,98"
8/5/2023,"6.769,63"
5/5/2023,"6.787,63"
4/5/2023,"6.844,03"
3/5/2023,"6.812,72"
2/5/2023,"6.863,30"
28/04/2023,"6.915,72"
27/04/2023,"6.945,48"
26/04/2023,"6.910,15"
18/04/2023,"6.821,81"
17/04/2023,"6.787,58"
14/04/2023,"6.818,57"
13/04/2023,"6.785,60"
12/4/2023,"6.798,96"
11/4/2023,"6.811,31"
10/4/2023,"6.771,23"
6/4/2023,"6.792,77"
5/4/2023,"6.819,67"
4/4/2023,"6.833,18"
3/4/2023,"6.827,17"
31/03/2023,"6.805,28"
30/03/2023,"6.808,95"
29/03/2023,"6.839,44"
28/03/2023,"6.760,33"
27/03/2023,"6.708,93"
24/03/2023,"6.762,25"
21/03/2023,"6.691,61"
20/03/2023,"6.612,49"
17/03/2023,"6.678,24"
16/03/2023,"6.565,73"
15/03/2023,"6.628,14"
14/03/2023,"6.641,81"
13/03/2023,"6.786,96"
10/3/2023,"6.765,30"
9/3/2023,"6.799,79"
8/3/2023,"6.776,37"
7/3/2023,"6.766,76"
6/3/2023,"6.807,00"
3/3/2023,"6.813,64"
2/3/2023,"6.857,42"
1/3/2023,"6.844,94"
28/02/2023,"6.843,24"
27/02/2023,"6.854,78"
24/02/2023,"6.856,58"
23/02/2023,"6.839,45"
22/02/2023,"6.809,97"
21/02/2023,"6.873,40"
20/02/2023,"6.894,72"
17/02/2023,"6.895,71"
16/02/2023,"6.895,66"
15/02/2023,"6.914,54"
14/02/2023,"6.941,85"
13/02/2023,"6.900,14"
10/2/2023,"6.880,33"
9/2/2023,"6.897,37"
8/2/2023,"6.940,12"
7/2/2023,"6.935,30"
6/2/2023,"6.873,79"
3/2/2023,"6.911,73"
2/2/2023,"6.890,57"
1/2/2023,"6.862,26"
31/01/2023,"6.839,34"
30/01/2023,"6.872,48"
27/01/2023,"6.898,98"
26/01/2023,"6.864,82"
25/01/2023,"6.829,93"
24/01/2023,"6.860,85"
20/01/2023,"6.874,93"
19/01/2023,"6.819,91"
18/01/2023,"6.765,79"
17/01/2023,"6.767,34"
16/01/2023,"6.688,06"
13/01/2023,"6.641,83"
12/1/2023,"6.629,93"
11/1/2023,"6.584,45"
10/1/2023,"6.622,50"
9/1/2023,"6.688,27"
6/1/2023,"6.684,56"
5/1/2023,"6.653,84"
4/1/2023,"6.813,24"
3/1/2023,"6.888,76"
2/1/2023,"6.850,98"
30/12/2022,"6.850,62"
29/12/2022,"6.860,08"
28/12/2022,"6.850,52"
27/12/2022,"6.923,03"
26/12/2022,"6.835,81"
23/12/2022,"6.800,67"
22/12/2022,"6.824,43"
21/12/2022,"6.820,66"
20/12/2022,"6.768,32"
19/12/2022,"6.779,70"
16/12/2022,"6.812,19"
15/12/2022,"6.751,86"
14/12/2022,"6.801,75"
13/12/2022,"6.810,32"
12/12/2022,"6.734,45"
9/12/2022,"6.715,12"
8/12/2022,"6.804,23"
7/12/2022,"6.818,75"
6/12/2022,"6.892,57"
5/12/2022,"6.987,33"
2/12/2022,"7.019,64"
1/12/2022,"7.020,80"
30/11/2022,"7.081,31"
29/11/2022,"7.012,07"
28/11/2022,"7.017,36"
25/11/2022,"7.053,15"
24/11/2022,"7.080,52"
23/11/2022,"7.054,12"
22/11/2022,"7.030,59"
21/11/2022,"7.063,25"
18/11/2022,"7.082,18"
17/11/2022,"7.044,99"
16/11/2022,"7.014,38"
15/11/2022,"7.035,50"
14/11/2022,"7.019,39"
11/11/2022,"7.089,21"
10/11/2022,"6.966,84"
9/11/2022,"7.070,08"
8/11/2022,"7.050,13"
7/11/2022,"7.102,40"
4/11/2022,"7.045,53"
3/11/2022,"7.034,57"
2/11/2022,"7.015,69"
1/11/2022,"7.052,30"
31/10/2022,"7.098,89"
28/10/2022,"7.056,04"
27/10/2022,"7.091,76"
26/10/2022,"7.043,94"
25/10/2022,"7.048,38"
24/10/2022,"7.053,04"
21/10/2022,"7.017,77"
20/10/2022,"6.980,65"
19/10/2022,"6.860,42"
18/10/2022,"6.834,49"
17/10/2022,"6.831,12"
14/10/2022,"6.814,53"
13/10/2022,"6.880,63"
12/10/2022,"6.909,21"
11/10/2022,"6.939,15"
10/10/2022,"6.994,40"
7/10/2022,"7.026,78"
6/10/2022,"7.076,62"
5/10/2022,"7.075,38"
4/10/2022,"7.072,26"
3/10/2022,"7.009,72"
30/09/2022,"7.040,80"
29/09/2022,"7.036,20"
28/09/2022,"7.077,03"
27/09/2022,"7.112,45"
26/09/2022,"7.127,50"
23/09/2022,"7.178,58"
22/09/2022,"7.218,91"
21/09/2022,"7.188,31"
20/09/2022,"7.196,95"
19/09/2022,"7.195,49"
16/09/2022,"7.168,87"
15/09/2022,"7.305,60"
14/09/2022,"7.278,08"
13/09/2022,"7.318,02"
12/9/2022,"7.254,46"
9/9/2022,"7.242,66"
8/9/2022,"7.232,02"
7/9/2022,"7.186,76"
6/9/2022,"7.233,15"
5/9/2022,"7.231,88"
2/9/2022,"7.177,18"
1/9/2022,"7.153,10"
31/08/2022,"7.178,59"
30/08/2022,"7.159,47"
29/08/2022,"7.132,04"
26/08/2022,"7.135,25"
25/08/2022,"7.174,21"
24/08/2022,"7.194,71"
23/08/2022,"7.163,27"
22/08/2022,"7.107,98"
19/08/2022,"7.172,43"
18/08/2022,"7.186,56"
16/08/2022,"7.133,45"
15/08/2022,"7.093,28"
12/8/2022,"7.129,28"
11/8/2022,"7.160,38"
10/8/2022,"7.086,24"
9/8/2022,"7.102,88"
8/8/2022,"7.086,85"
5/8/2022,"7.084,65"
4/8/2022,"7.057,35"
3/8/2022,"7.046,63"
2/8/2022,"6.988,16"
1/8/2022,"6.968,78"
29/07/2022,"6.951,12"
28/07/2022,"6.956,82"
27/07/2022,"6.898,22"
26/07/2022,"6.871,54"
25/07/2022,"6.858,41"
22/07/2022,"6.886,96"
21/07/2022,"6.864,13"
20/07/2022,"6.874,74"
19/07/2022,"6.736,09"
18/07/2022,"6.659,25"
15/07/2022,"6.651,90"
14/07/2022,"6.690,09"
13/07/2022,"6.640,99"
12/7/2022,"6.718,29"
11/7/2022,"6.722,15"
8/7/2022,"6.740,22"
7/7/2022,"6.652,59"
6/7/2022,"6.646,41"
5/7/2022,"6.703,27"
4/7/2022,"6.639,17"
1/7/2022,"6.794,33"
30/06/2022,"6.911,58"
29/06/2022,"6.942,35"
28/06/2022,"6.996,46"
27/06/2022,"7.016,06"
24/06/2022,"7.042,94"
23/06/2022,"6.998,27"
22/06/2022,"6.984,31"
21/06/2022,"7.044,07"
20/06/2022,"6.976,38"
17/06/2022,"6.936,97"
16/06/2022,"7.050,33"
15/06/2022,"7.007,05"
14/06/2022,"7.049,88"
13/06/2022,"6.995,44"
10/6/2022,"7.086,65"
9/6/2022,"7.182,83"
8/6/2022,"7.193,31"
7/6/2022,"7.141,04"
6/6/2022,"7.096,58"
3/6/2022,"7.182,96"
2/6/2022,"7.148,72"
31/05/2022,"7.148,97"
30/05/2022,"7.037,56"
27/05/2022,"7.026,26"
25/05/2022,"6.883,50"
24/05/2022,"6.914,14"
23/05/2022,"6.840,77"
20/05/2022,"6.918,14"
19/05/2022,"6.823,33"
18/05/2022,"6.793,41"
17/05/2022,"6.644,47"
13/05/2022,"6.597,99"
12/5/2022,"6.599,84"
11/5/2022,"6.816,20"
10/5/2022,"6.819,79"
9/5/2022,"6.909,75"
28/04/2022,"7.228,91"
27/04/2022,"7.196,76"
26/04/2022,"7.232,15"
25/04/2022,"7.215,98"
22/04/2022,"7.225,61"
21/04/2022,"7.276,19"
20/04/2022,"7.227,36"
19/04/2022,"7.199,23"
18/04/2022,"7.275,29"
14/04/2022,"7.235,53"
13/04/2022,"7.262,78"
12/4/2022,"7.214,78"
11/4/2022,"7.203,79"
8/4/2022,"7.210,83"
7/4/2022,"7.127,37"
6/4/2022,"7.104,22"
5/4/2022,"7.148,30"
4/4/2022,"7.116,22"
1/4/2022,"7.078,76"
31/03/2022,"7.071,44"
30/03/2022,"7.053,19"
29/03/2022,"7.011,69"
28/03/2022,"7.049,60"
25/03/2022,"7.002,53"
24/03/2022,"7.049,69"
23/03/2022,"6.996,12"
22/03/2022,"7.000,82"
21/03/2022,"6.955,18"
18/03/2022,"6.954,96"
17/03/2022,"6.964,38"
16/03/2022,"6.992,40"
15/03/2022,"6.918,19"
14/03/2022,"6.952,20"
11/3/2022,"6.922,60"
10/3/2022,"6.924,01"
9/3/2022,"6.864,44"
8/3/2022,"6.814,18"
7/3/2022,"6.869,07"
4/3/2022,"6.928,33"
2/3/2022,"6.868,40"
1/3/2022,"6.921,44"
25/02/2022,"6.888,17"
24/02/2022,"6.817,82"
23/02/2022,"6.920,06"
22/02/2022,"6.861,99"
21/02/2022,"6.902,96"
18/02/2022,"6.892,82"
17/02/2022,"6.835,12"
16/02/2022,"6.850,20"
15/02/2022,"6.807,50"
14/02/2022,"6.734,49"
11/2/2022,"6.815,61"
10/2/2022,"6.823,64"
9/2/2022,"6.834,61"
8/2/2022,"6.789,52"
7/2/2022,"6.804,94"
4/2/2022,"6.731,39"
3/2/2022,"6.683,85"
2/2/2022,"6.707,65"
31/01/2022,"6.631,15"
28/01/2022,"6.645,51"
27/01/2022,"6.611,16"
26/01/2022,"6.600,82"
25/01/2022,"6.568,17"
24/01/2022,"6.655,17"
21/01/2022,"6.726,37"
20/01/2022,"6.626,87"
19/01/2022,"6.591,98"
18/01/2022,"6.614,06"
17/01/2022,"6.645,05"
14/01/2022,"6.693,40"
13/01/2022,"6.658,36"
12/1/2022,"6.647,06"
11/1/2022,"6.647,97"
10/1/2022,"6.691,12"
7/1/2022,"6.701,32"
6/1/2022,"6.653,35"
5/1/2022,"6.662,30"
4/1/2022,"6.695,37"
3/1/2022,"6.665,31"
30/12/2021,"6.581,48"
29/12/2021,"6.600,68"
28/12/2021,"6.598,34"
27/12/2021,"6.575,44"
24/12/2021,"6.562,90"
23/12/2021,"6.555,55"
22/12/2021,"6.529,59"
21/12/2021,"6.554,31"
20/12/2021,"6.547,11"
17/12/2021,"6.601,93"
16/12/2021,"6.594,80"
15/12/2021,"6.626,26"
14/12/2021,"6.615,64"
13/12/2021,"6.662,87"
10/12/2021,"6.652,92"
9/12/2021,"6.643,93"
8/12/2021,"6.603,80"
7/12/2021,"6.602,57"
6/12/2021,"6.547,12"
3/12/2021,"6.538,51"
2/12/2021,"6.583,82"
1/12/2021,"6.507,68"
30/11/2021,"6.533,93"
29/11/2021,"6.608,29"
26/11/2021,"6.561,55"
25/11/2021,"6.699,35"
24/11/2021,"6.683,28"
23/11/2021,"6.677,88"
22/11/2021,"6.723,39"
19/11/2021,"6.720,26"
18/11/2021,"6.636,47"
17/11/2021,"6.675,80"
16/11/2021,"6.651,21"
15/11/2021,"6.616,03"
12/11/2021,"6.651,05"
11/11/2021,"6.691,34"
10/11/2021,"6.683,15"
9/11/2021,"6.669,93"
8/11/2021,"6.632,30"
5/11/2021,"6.581,78"
4/11/2021,"6.586,44"
3/11/2021,"6.552,13"
2/11/2021,"6.493,27"
1/11/2021,"6.552,89"
29/10/2021,"6.591,35"
28/10/2021,"6.524,08"
27/10/2021,"6.602,21"
26/10/2021,"6.656,94"
25/10/2021,"6.625,70"
22/10/2021,"6.643,74"
21/10/2021,"6.632,97"
19/10/2021,"6.656,00"
18/10/2021,"6.658,77"
15/10/2021,"6.633,34"
14/10/2021,"6.626,11"
13/10/2021,"6.536,90"
12/10/2021,"6.486,27"
11/10/2021,"6.459,70"
8/10/2021,"6.481,77"
7/10/2021,"6.416,40"
6/10/2021,"6.417,32"
5/10/2021,"6.288,05"
4/10/2021,"6.342,69"
1/10/2021,"6.228,85"
30/09/2021,"6.286,94"
29/09/2021,"6.162,55"
28/09/2021,"6.113,11"
27/09/2021,"6.122,49"
24/09/2021,"6.144,81"
23/09/2021,"6.142,71"
22/09/2021,"6.108,27"
21/09/2021,"6.060,76"
20/09/2021,"6.076,31"
17/09/2021,"6.133,25"
16/09/2021,"6.109,94"
15/09/2021,"6.110,23"
14/09/2021,"6.129,10"
13/09/2021,"6.088,16"
10/9/2021,"6.094,87"
9/9/2021,"6.068,22"
8/9/2021,"6.026,02"
7/9/2021,"6.112,40"
6/9/2021,"6.126,94"
3/9/2021,"6.126,92"
2/9/2021,"6.078,23"
1/9/2021,"6.090,93"
31/08/2021,"6.150,30"
30/08/2021,"6.144,90"
27/08/2021,"6.041,37"
26/08/2021,"6.058,08"
25/08/2021,"6.113,24"
24/08/2021,"6.089,50"
23/08/2021,"6.109,83"
20/08/2021,"6.030,77"
19/08/2021,"5.992,32"
18/08/2021,"6.118,15"
16/08/2021,"6.087,91"
13/08/2021,"6.139,49"
12/8/2021,"6.139,65"
10/8/2021,"6.088,41"
9/8/2021,"6.127,46"
6/8/2021,"6.203,43"
5/8/2021,"6.205,42"
4/8/2021,"6.159,03"
3/8/2021,"6.130,57"
2/8/2021,"6.096,54"
30/07/2021,"6.070,04"
29/07/2021,"6.120,73"
28/07/2021,"6.088,52"
27/07/2021,"6.097,05"
26/07/2021,"6.106,39"
23/07/2021,"6.101,69"
22/07/2021,"6.137,55"
21/07/2021,"6.029,98"
19/07/2021,"6.017,39"
16/07/2021,"6.072,51"
15/07/2021,"6.046,75"
14/07/2021,"5.979,22"
13/07/2021,"6.012,03"
12/7/2021,"6.078,57"
9/7/2021,"6.039,84"
8/7/2021,"6.039,90"
7/7/2021,"6.044,04"
6/7/2021,"6.047,11"
5/7/2021,"6.005,61"
2/7/2021,"6.023,01"
1/7/2021,"6.005,96"
30/06/2021,"5.985,49"
29/06/2021,"5.949,05"
28/06/2021,"5.939,47"
25/06/2021,"6.022,40"
24/06/2021,"6.012,06"
23/06/2021,"6.034,54"
22/06/2021,"6.087,84"
21/06/2021,"5.996,25"
18/06/2021,"6.007,12"
17/06/2021,"6.068,45"
16/06/2021,"6.078,57"
15/06/2021,"6.089,04"
14/06/2021,"6.080,38"
11/6/2021,"6.095,50"
10/6/2021,"6.107,54"
9/6/2021,"6.047,48"
8/6/2021,"5.999,37"
7/6/2021,"6.069,94"
4/6/2021,"6.065,17"
3/6/2021,"6.091,51"
2/6/2021,"6.031,58"
31/05/2021,"5.947,46"
28/05/2021,"5.848,62"
27/05/2021,"5.841,83"
25/05/2021,"5.815,84"
24/05/2021,"5.763,63"
21/05/2021,"5.773,12"
20/05/2021,"5.797,60"
19/05/2021,"5.760,58"
18/05/2021,"5.834,39"
17/05/2021,"5.833,86"
11/5/2021,"5.938,35"
10/5/2021,"5.975,79"
7/5/2021,"5.928,31"
6/5/2021,"5.970,24"
5/5/2021,"5.975,91"
4/5/2021,"5.963,82"
3/5/2021,"5.952,60"
30/04/2021,"5.995,62"
29/04/2021,"6.012,96"
28/04/2021,"5.974,48"
27/04/2021,"5.959,62"
26/04/2021,"5.964,82"
23/04/2021,"6.016,86"
22/04/2021,"5.994,18"
21/04/2021,"5.993,24"
20/04/2021,"6.038,32"
19/04/2021,"6.052,54"
16/04/2021,"6.086,26"
15/04/2021,"6.079,50"
14/04/2021,"6.050,28"
13/04/2021,"5.927,44"
12/4/2021,"5.948,57"
9/4/2021,"6.070,21"
8/4/2021,"6.071,72"
7/4/2021,"6.036,62"
6/4/2021,"6.002,77"
5/4/2021,"5.970,29"
1/4/2021,"6.011,46"
31/03/2021,"5.985,52"
30/03/2021,"6.071,44"
29/03/2021,"6.166,82"
26/03/2021,"6.195,56"
25/03/2021,"6.122,88"
24/03/2021,"6.156,14"
23/03/2021,"6.252,71"
22/03/2021,"6.301,13"
19/03/2021,"6.356,16"
18/03/2021,"6.347,83"
17/03/2021,"6.277,23"
16/03/2021,"6.309,70"
15/03/2021,"6.324,26"
12/3/2021,"6.358,21"
10/3/2021,"6.264,68"
9/3/2021,"6.199,65"
8/3/2021,"6.248,47"
5/3/2021,"6.258,75"
4/3/2021,"6.290,80"
3/3/2021,"6.376,76"
2/3/2021,"6.359,20"
1/3/2021,"6.338,51"
26/02/2021,"6.241,80"
25/02/2021,"6.289,65"
24/02/2021,"6.251,05"
23/02/2021,"6.272,81"
22/02/2021,"6.255,31"
19/02/2021,"6.231,93"
18/02/2021,"6.200,31"
17/02/2021,"6.227,73"
16/02/2021,"6.292,40"
15/02/2021,"6.270,32"
11/2/2021,"6.222,52"
10/2/2021,"6.201,83"
9/2/2021,"6.181,67"
8/2/2021,"6.208,87"
5/2/2021,"6.151,73"
4/2/2021,"6.107,22"
3/2/2021,"6.077,74"
2/2/2021,"6.043,84"
1/2/2021,"6.067,55"
29/01/2021,"5.862,35"
28/01/2021,"5.979,39"
27/01/2021,"6.109,17"
26/01/2021,"6.140,17"
25/01/2021,"6.258,57"
22/01/2021,"6.307,13"
21/01/2021,"6.413,89"
20/01/2021,"6.429,76"
19/01/2021,"6.321,86"
18/01/2021,"6.389,83"
15/01/2021,"6.373,41"
14/01/2021,"6.428,31"
13/01/2021,"6.435,20"
12/1/2021,"6.395,67"
11/1/2021,"6.382,94"
8/1/2021,"6.257,84"
7/1/2021,"6.153,63"
6/1/2021,"6.065,68"
5/1/2021,"6.137,34"
4/1/2021,"6.104,90"
30/12/2020,"5.979,07"
29/12/2020,"6.036,17"
28/12/2020,"6.093,55"
23/12/2020,"6.008,71"
22/12/2020,"6.023,29"
21/12/2020,"6.165,62"
18/12/2020,"6.104,32"
17/12/2020,"6.113,38"
16/12/2020,"6.118,40"
15/12/2020,"6.010,13"
14/12/2020,"6.012,52"
11/12/2020,"5.938,33"
10/12/2020,"5.933,70"
8/12/2020,"5.944,41"
7/12/2020,"5.930,76"
4/12/2020,"5.810,48"
3/12/2020,"5.822,94"
2/12/2020,"5.813,99"
1/12/2020,"5.724,74"
30/11/2020,"5.612,41"
27/11/2020,"5.783,34"
26/11/2020,"5.759,92"
25/11/2020,"5.679,25"
24/11/2020,"5.701,03"
23/11/2020,"5.652,76"
20/11/2020,"5.571,66"
19/11/2020,"5.594,06"
18/11/2020,"5.557,52"
17/11/2020,"5.529,94"
16/11/2020,"5.494,87"
13/11/2020,"5.461,06"
12/11/2020,"5.458,60"
11/11/2020,"5.509,51"
10/11/2020,"5.462,74"
9/11/2020,"5.356,01"
6/11/2020,"5.335,53"
5/11/2020,"5.260,33"
4/11/2020,"5.105,20"
3/11/2020,"5.159,45"
2/11/2020,"5.115,13"
27/10/2020,"5.128,23"
26/10/2020,"5.144,05"
23/10/2020,"5.112,19"
22/10/2020,"5.091,82"
21/10/2020,"5.096,45"
20/10/2020,"5.099,84"
19/10/2020,"5.126,33"
16/10/2020,"5.103,41"
15/10/2020,"5.105,15"
14/10/2020,"5.176,10"
13/10/2020,"5.132,57"
12/10/2020,"5.093,10"
9/10/2020,"5.053,66"
8/10/2020,"5.039,14"
7/10/2020,"5.004,33"
6/10/2020,"4.999,22"
5/10/2020,"4.958,77"
2/10/2020,"4.926,73"
1/10/2020,"4.970,09"
30/09/2020,"4.870,04"
29/09/2020,"4.879,10"
28/09/2020,"4.906,55"
25/09/2020,"4.945,79"
24/09/2020,"4.842,76"
23/09/2020,"4.917,95"
22/09/2020,"4.934,09"
21/09/2020,"4.999,36"
18/09/2020,"5.059,22"
17/09/2020,"5.038,40"
16/09/2020,"5.058,48"
15/09/2020,"5.100,86"
14/09/2020,"5.161,83"
11/9/2020,"5.016,71"
10/9/2020,"4.891,46"
9/9/2020,"5.149,38"
8/9/2020,"5.244,07"
7/9/2020,"5.230,20"
4/9/2020,"5.239,85"
3/9/2020,"5.280,81"
2/9/2020,"5.311,97"
1/9/2020,"5.310,68"
31/08/2020,"5.238,49"
28/08/2020,"5.346,66"
27/08/2020,"5.371,47"
26/08/2020,"5.340,33"
25/08/2020,"5.338,89"
24/08/2020,"5.277,04"
19/08/2020,"5.272,81"
18/08/2020,"5.295,17"
14/08/2020,"5.247,69"
13/08/2020,"5.239,25"
12/8/2020,"5.233,45"
11/8/2020,"5.190,17"
10/8/2020,"5.157,83"
7/8/2020,"5.143,89"
6/8/2020,"5.178,27"
5/8/2020,"5.127,05"
4/8/2020,"5.075,00"
3/8/2020,"5.006,22"
30/07/2020,"5.149,63"
29/07/2020,"5.111,11"
28/07/2020,"5.112,99"
27/07/2020,"5.116,67"
24/07/2020,"5.082,99"
23/07/2020,"5.145,01"
22/07/2020,"5.110,19"
21/07/2020,"5.114,71"
20/07/2020,"5.051,11"
17/07/2020,"5.079,59"
16/07/2020,"5.098,37"
15/07/2020,"5.075,80"
14/07/2020,"5.079,12"
13/07/2020,"5.064,45"
10/7/2020,"5.031,26"
9/7/2020,"5.052,79"
8/7/2020,"5.076,17"
7/7/2020,"4.987,08"
6/7/2020,"4.988,87"
3/7/2020,"4.973,79"
2/7/2020,"4.966,78"
1/7/2020,"4.914,39"
30/06/2020,"4.905,39"
29/06/2020,"4.901,82"
26/06/2020,"4.904,09"
25/06/2020,"4.896,73"
24/06/2020,"4.964,73"
23/06/2020,"4.879,13"
22/06/2020,"4.918,83"
19/06/2020,"4.942,27"
18/06/2020,"4.925,25"
17/06/2020,"4.987,78"
16/06/2020,"4.986,46"
15/06/2020,"4.816,34"
12/6/2020,"4.880,36"
11/6/2020,"4.854,75"
10/6/2020,"4.920,68"
9/6/2020,"5.035,06"
8/6/2020,"5.070,56"
5/6/2020,"4.947,78"
4/6/2020,"4.916,70"
3/6/2020,"4.941,01"
2/6/2020,"4.847,51"
29/05/2020,"4.753,61"
28/05/2020,"4.716,19"
27/05/2020,"4.641,56"
26/05/2020,"4.626,80"
20/05/2020,"4.545,95"
19/05/2020,"4.548,66"
18/05/2020,"4.511,06"
15/05/2020,"4.507,61"
14/05/2020,"4.513,83"
13/05/2020,"4.554,36"
12/5/2020,"4.588,73"
11/5/2020,"4.639,10"
8/5/2020,"4.597,43"
6/5/2020,"4.608,79"
5/5/2020,"4.630,13"
4/5/2020,"4.605,49"
30/04/2020,"4.716,40"
29/04/2020,"4.567,32"
28/04/2020,"4.529,55"
27/04/2020,"4.513,14"
24/04/2020,"4.496,06"
23/04/2020,"4.593,55"
22/04/2020,"4.567,56"
21/04/2020,"4.501,92"
20/04/2020,"4.575,90"
17/04/2020,"4.634,82"
16/04/2020,"4.480,61"
15/04/2020,"4.625,90"
14/04/2020,"4.706,49"
13/04/2020,"4.623,89"
9/4/2020,"4.649,08"
8/4/2020,"4.626,69"
7/4/2020,"4.778,64"
6/4/2020,"4.811,83"
3/4/2020,"4.623,43"
2/4/2020,"4.531,69"
1/4/2020,"4.466,04"
31/03/2020,"4.538,93"
30/03/2020,"4.414,50"
27/03/2020,"4.545,57"
26/03/2020,"4.338,90"
24/03/2020,"3.937,63"
23/03/2020,"3.989,52"
20/03/2020,"4.194,94"
19/03/2020,"4.105,42"
18/03/2020,"4.330,67"
17/03/2020,"4.456,75"
16/03/2020,"4.690,66"
13/03/2020,"4.907,57"
12/3/2020,"4.895,75"
11/3/2020,"5.154,10"
10/3/2020,"5.220,83"
9/3/2020,"5.136,81"
6/3/2020,"5.498,54"
5/3/2020,"5.638,13"
4/3/2020,"5.650,14"
3/3/2020,"5.518,63"
2/3/2020,"5.361,25"
28/02/2020,"5.452,70"
27/02/2020,"5.535,69"
26/02/2020,"5.688,92"
25/02/2020,"5.787,14"
24/02/2020,"5.807,05"
21/02/2020,"5.882,26"
20/02/2020,"5.942,49"
19/02/2020,"5.928,79"
18/02/2020,"5.886,96"
17/02/2020,"5.867,52"
14/02/2020,"5.866,94"
13/02/2020,"5.871,95"
12/2/2020,"5.913,08"
11/2/2020,"5.954,40"
10/2/2020,"5.952,08"
7/2/2020,"5.999,61"
6/2/2020,"5.987,15"
5/2/2020,"5.978,51"
4/2/2020,"5.922,34"
3/2/2020,"5.884,17"
31/01/2020,"5.940,05"
30/01/2020,"6.057,60"
29/01/2020,"6.113,05"
28/01/2020,"6.111,18"
27/01/2020,"6.133,21"
24/01/2020,"6.244,11"
23/01/2020,"6.249,21"
22/01/2020,"6.233,45"
21/01/2020,"6.238,15"
20/01/2020,"6.245,04"
17/01/2020,"6.291,66"
16/01/2020,"6.286,05"
15/01/2020,"6.283,36"
14/01/2020,"6.325,41"
13/01/2020,"6.296,57"
10/1/2020,"6.274,94"
9/1/2020,"6.274,49"
8/1/2020,"6.225,69"
7/1/2020,"6.279,35"
6/1/2020,"6.257,40"
3/1/2020,"6.323,47"
2/1/2020,"6.283,58"
30/12/2019,"6.299,54"
27/12/2019,"6.329,31"
26/12/2019,"6.319,44"
23/12/2019,"6.305,91"
20/12/2019,"6.284,37"
19/12/2019,"6.249,93"
18/12/2019,"6.287,25"
17/12/2019,"6.244,35"
16/12/2019,"6.211,59"
13/12/2019,"6.197,32"
12/12/2019,"6.139,40"
11/12/2019,"6.180,10"
10/12/2019,"6.183,51"
9/12/2019,"6.193,79"
6/12/2019,"6.186,87"
5/12/2019,"6.152,12"
4/12/2019,"6.112,88"
3/12/2019,"6.133,90"
2/12/2019,"6.130,06"
29/11/2019,"6.011,83"
28/11/2019,"5.953,06"
27/11/2019,"6.023,04"
26/11/2019,"6.026,19"
25/11/2019,"6.070,76"
22/11/2019,"6.100,24"
21/11/2019,"6.117,36"
20/11/2019,"6.155,11"
19/11/2019,"6.152,09"
18/11/2019,"6.122,62"
15/11/2019,"6.128,35"
14/11/2019,"6.098,95"
13/11/2019,"6.142,50"
12/11/2019,"6.180,99"
11/11/2019,"6.148,74"
8/11/2019,"6.177,99"
7/11/2019,"6.165,62"
6/11/2019,"6.217,55"
5/11/2019,"6.264,15"
4/11/2019,"6.180,34"
1/11/2019,"6.207,19"
31/10/2019,"6.228,32"
30/10/2019,"6.295,75"
29/10/2019,"6.281,14"
28/10/2019,"6.265,38"
25/10/2019,"6.252,35"
24/10/2019,"6.339,65"
23/10/2019,"6.257,81"
22/10/2019,"6.225,50"
21/10/2019,"6.198,99"
18/10/2019,"6.191,95"
17/10/2019,"6.181,01"
16/10/2019,"6.169,59"
15/10/2019,"6.158,17"
14/10/2019,"6.126,88"
11/10/2019,"6.105,80"
10/10/2019,"6.023,64"
9/10/2019,"6.029,16"
8/10/2019,"6.039,60"
7/10/2019,"6.000,58"
4/10/2019,"6.061,25"
3/10/2019,"6.038,53"
2/10/2019,"6.055,43"
1/10/2019,"6.138,25"
30/09/2019,"6.169,10"
27/09/2019,"6.196,89"
26/09/2019,"6.230,33"
25/09/2019,"6.146,40"
24/09/2019,"6.137,61"
23/09/2019,"6.206,20"
20/09/2019,"6.231,47"
19/09/2019,"6.244,47"
18/09/2019,"6.276,63"
17/09/2019,"6.236,69"
16/09/2019,"6.219,44"
13/09/2019,"6.334,84"
12/9/2019,"6.342,17"
11/9/2019,"6.381,95"
10/9/2019,"6.336,67"
9/9/2019,"6.326,21"
6/9/2019,"6.308,95"
5/9/2019,"6.306,80"
4/9/2019,"6.269,66"
3/9/2019,"6.261,59"
2/9/2019,"6.290,55"
30/08/2019,"6.328,47"
29/08/2019,"6.289,12"
28/08/2019,"6.281,65"
27/08/2019,"6.278,17"
26/08/2019,"6.214,51"
23/08/2019,"6.255,60"
22/08/2019,"6.239,24"
21/08/2019,"6.252,97"
20/08/2019,"6.295,74"
19/08/2019,"6.296,72"
16/08/2019,"6.286,66"
15/08/2019,"6.257,59"
14/08/2019,"6.267,34"
13/08/2019,"6.210,96"
12/8/2019,"6.250,60"
9/8/2019,"6.282,13"
8/8/2019,"6.274,67"
7/8/2019,"6.204,19"
6/8/2019,"6.119,47"
5/8/2019,"6.175,70"
2/8/2019,"6.340,18"
1/8/2019,"6.381,54"
31/07/2019,"6.390,51"
30/07/2019,"6.377,00"
29/07/2019,"6.299,03"
26/07/2019,"6.325,24"
25/07/2019,"6.401,36"
24/07/2019,"6.384,99"
23/07/2019,"6.403,81"
22/07/2019,"6.433,55"
19/07/2019,"6.456,54"
18/07/2019,"6.403,29"
17/07/2019,"6.394,61"
16/07/2019,"6.401,88"
15/07/2019,"6.418,23"
12/7/2019,"6.373,35"
11/7/2019,"6.417,07"
10/7/2019,"6.410,68"
9/7/2019,"6.388,32"
8/7/2019,"6.351,83"
5/7/2019,"6.373,48"
4/7/2019,"6.375,97"
3/7/2019,"6.362,62"
2/7/2019,"6.384,90"
1/7/2019,"6.379,69"
28/06/2019,"6.358,63"
27/06/2019,"6.352,71"
26/06/2019,"6.310,49"
25/06/2019,"6.320,44"
24/06/2019,"6.288,47"
21/06/2019,"6.315,44"
20/06/2019,"6.335,70"
19/06/2019,"6.339,26"
18/06/2019,"6.257,33"
17/06/2019,"6.190,52"
14/06/2019,"6.250,27"
13/06/2019,"6.273,08"
12/6/2019,"6.276,18"
11/6/2019,"6.305,99"
10/6/2019,"6.289,61"
31/05/2019,"6.209,12"
29/05/2019,"6.104,11"
28/05/2019,"6.033,14"
27/05/2019,"6.098,97"
24/05/2019,"6.057,35"
23/05/2019,"6.032,70"
22/05/2019,"5.939,64"
21/05/2019,"5.951,37"
20/05/2019,"5.907,12"
17/05/2019,"5.826,87"
16/05/2019,"5.895,74"
15/05/2019,"5.980,89"
14/05/2019,"6.071,20"
13/05/2019,"6.135,40"
10/5/2019,"6.209,12"
9/5/2019,"6.198,80"
8/5/2019,"6.270,20"
7/5/2019,"6.297,32"
6/5/2019,"6.256,35"
3/5/2019,"6.319,46"
2/5/2019,"6.374,42"
30/04/2019,"6.455,35"
29/04/2019,"6.425,90"
26/04/2019,"6.401,08"
25/04/2019,"6.372,79"
24/04/2019,"6.447,89"
23/04/2019,"6.462,82"
22/04/2019,"6.414,74"
18/04/2019,"6.507,22"
16/04/2019,"6.481,54"
15/04/2019,"6.435,15"
12/4/2019,"6.405,87"
11/4/2019,"6.410,17"
10/4/2019,"6.478,33"
9/4/2019,"6.484,35"
8/4/2019,"6.425,73"
5/4/2019,"6.474,02"
4/4/2019,"6.494,63"
2/4/2019,"6.476,07"
1/4/2019,"6.452,61"
29/03/2019,"6.468,76"
28/03/2019,"6.480,79"
27/03/2019,"6.444,74"
26/03/2019,"6.470,00"
25/03/2019,"6.411,25"
22/03/2019,"6.525,27"
21/03/2019,"6.501,78"
20/03/2019,"6.482,71"
19/03/2019,"6.480,28"
18/03/2019,"6.509,45"
15/03/2019,"6.461,18"
14/03/2019,"6.413,27"
13/03/2019,"6.377,57"
12/3/2019,"6.353,77"
11/3/2019,"6.366,43"
8/3/2019,"6.383,07"
6/3/2019,"6.457,96"
5/3/2019,"6.441,28"
4/3/2019,"6.488,42"
1/3/2019,"6.499,88"
28/02/2019,"6.443,35"
27/02/2019,"6.525,68"
26/02/2019,"6.540,95"
25/02/2019,"6.525,36"
22/02/2019,"6.501,38"
21/02/2019,"6.537,77"
20/02/2019,"6.512,78"
19/02/2019,"6.494,67"
18/02/2019,"6.497,81"
15/02/2019,"6.389,09"
14/02/2019,"6.420,02"
13/02/2019,"6.419,12"
12/2/2019,"6.426,32"
11/2/2019,"6.495,00"
8/2/2019,"6.521,66"
7/2/2019,"6.536,46"
6/2/2019,"6.547,88"
4/2/2019,"6.481,45"
1/2/2019,"6.538,64"
31/01/2019,"6.532,97"
30/01/2019,"6.464,19"
29/01/2019,"6.436,48"
28/01/2019,"6.458,71"
25/01/2019,"6.482,84"
24/01/2019,"6.466,65"
23/01/2019,"6.451,17"
22/01/2019,"6.468,56"
21/01/2019,"6.450,83"
18/01/2019,"6.448,16"
17/01/2019,"6.423,78"
16/01/2019,"6.413,36"
15/01/2019,"6.408,78"
14/01/2019,"6.336,12"
11/1/2019,"6.361,47"
10/1/2019,"6.328,71"
9/1/2019,"6.272,24"
8/1/2019,"6.262,85"
7/1/2019,"6.287,22"
4/1/2019,"6.274,54"
3/1/2019,"6.221,01"
2/1/2019,"6.181,18"
28/12/2018,"6.194,50"
27/12/2018,"6.190,64"
26/12/2018,"6.127,85"
21/12/2018,"6.163,60"
20/12/2018,"6.147,88"
19/12/2018,"6.176,09"
18/12/2018,"6.081,87"
17/12/2018,"6.089,31"
14/12/2018,"6.169,84"
13/12/2018,"6.177,72"
12/12/2018,"6.115,58"
11/12/2018,"6.076,59"
10/12/2018,"6.111,36"
7/12/2018,"6.126,36"
6/12/2018,"6.115,49"
5/12/2018,"6.133,12"
4/12/2018,"6.152,86"
3/12/2018,"6.118,32"
30/11/2018,"6.056,12"
29/11/2018,"6.107,17"
28/11/2018,"5.991,25"
27/11/2018,"6.013,59"
26/11/2018,"6.022,78"
23/11/2018,"6.006,20"
22/11/2018,"5.990,81"
21/11/2018,"5.948,05"
19/11/2018,"6.005,30"
16/11/2018,"6.012,35"
15/11/2018,"5.955,74"
14/11/2018,"5.858,29"
13/11/2018,"5.835,20"
12/11/2018,"5.777,05"
9/11/2018,"5.874,15"
8/11/2018,"5.976,81"
7/11/2018,"5.939,89"
6/11/2018,"5.923,93"
5/11/2018,"5.920,59"
2/11/2018,"5.906,29"
1/11/2018,"5.835,92"
31/10/2018,"5.831,65"
30/10/2018,"5.789,10"
29/10/2018,"5.754,61"
26/10/2018,"5.784,92"
25/10/2018,"5.754,97"
24/10/2018,"5.709,42"
23/10/2018,"5.797,89"
22/10/2018,"5.840,44"
19/10/2018,"5.837,29"
18/10/2018,"5.845,24"
17/10/2018,"5.868,62"
16/10/2018,"5.800,82"
15/10/2018,"5.727,26"
12/10/2018,"5.756,49"
11/10/2018,"5.702,82"
10/10/2018,"5.820,67"
9/10/2018,"5.796,79"
8/10/2018,"5.761,07"
5/10/2018,"5.731,94"
4/10/2018,"5.756,62"
3/10/2018,"5.867,74"
2/10/2018,"5.875,62"
1/10/2018,"5.944,60"
28/09/2018,"5.976,55"
27/09/2018,"5.929,22"
26/09/2018,"5.873,27"
25/09/2018,"5.874,30"
24/09/2018,"5.882,22"
21/09/2018,"5.957,74"
20/09/2018,"5.931,27"
19/09/2018,"5.873,60"
18/09/2018,"5.811,79"
17/09/2018,"5.824,26"
14/09/2018,"5.931,28"
13/09/2018,"5.858,27"
12/9/2018,"5.798,15"
10/9/2018,"5.831,12"
7/9/2018,"5.851,47"
6/9/2018,"5.776,10"
5/9/2018,"5.683,50"
4/9/2018,"5.905,30"
3/9/2018,"5.967,58"
31/08/2018,"6.018,46"
30/08/2018,"6.018,96"
29/08/2018,"6.065,15"
28/08/2018,"6.042,65"
27/08/2018,"6.025,97"
24/08/2018,"5.968,75"
23/08/2018,"5.982,98"
21/08/2018,"5.944,30"
20/08/2018,"5.892,19"
16/08/2018,"5.783,80"
15/08/2018,"5.816,59"
14/08/2018,"5.769,87"
13/08/2018,"5.861,25"
10/8/2018,"6.077,17"
9/8/2018,"6.065,26"
8/8/2018,"6.094,83"
7/8/2018,"6.091,25"
6/8/2018,"6.101,13"
3/8/2018,"6.007,54"
2/8/2018,"6.011,72"
1/8/2018,"6.033,42"
31/07/2018,"5.936,44"
30/07/2018,"6.027,94"
27/07/2018,"5.989,14"
26/07/2018,"5.946,14"
25/07/2018,"5.933,89"
24/07/2018,"5.931,84"
23/07/2018,"5.915,80"
20/07/2018,"5.872,78"
19/07/2018,"5.871,08"
18/07/2018,"5.890,73"
17/07/2018,"5.861,51"
16/07/2018,"5.905,16"
13/07/2018,"5.944,07"
12/7/2018,"5.907,87"
11/7/2018,"5.893,36"
10/7/2018,"5.881,76"
9/7/2018,"5.807,38"
6/7/2018,"5.694,91"
5/7/2018,"5.739,33"
4/7/2018,"5.733,64"
3/7/2018,"5.633,94"
2/7/2018,"5.746,77"
29/06/2018,"5.799,24"
28/06/2018,"5.667,32"
27/06/2018,"5.787,55"
26/06/2018,"5.825,65"
25/06/2018,"5.859,08"
22/06/2018,"5.821,81"
21/06/2018,"5.822,33"
20/06/2018,"5.884,04"
8/6/2018,"5.993,63"
7/6/2018,"6.106,70"
6/6/2018,"6.069,71"
5/6/2018,"6.088,79"
4/6/2018,"6.014,82"
31/05/2018,"5.983,59"
30/05/2018,"6.011,06"
28/05/2018,"6.068,32"
25/05/2018,"5.975,74"
24/05/2018,"5.946,54"
23/05/2018,"5.792,00"
22/05/2018,"5.751,12"
21/05/2018,"5.733,85"
18/05/2018,"5.783,31"
17/05/2018,"5.815,92"
16/05/2018,"5.841,46"
15/05/2018,"5.838,12"
14/05/2018,"5.947,15"
11/5/2018,"5.956,83"
9/5/2018,"5.907,94"
8/5/2018,"5.774,72"
7/5/2018,"5.885,10"
4/5/2018,"5.792,35"
3/5/2018,"5.858,73"
2/5/2018,"6.012,24"
30/04/2018,"5.994,60"
27/04/2018,"5.919,24"
26/04/2018,"5.909,20"
25/04/2018,"6.079,85"
24/04/2018,"6.229,64"
23/04/2018,"6.308,15"
20/04/2018,"6.337,69"
19/04/2018,"6.355,90"
18/04/2018,"6.320,01"
17/04/2018,"6.285,76"
16/04/2018,"6.286,75"
13/04/2018,"6.270,33"
12/4/2018,"6.310,80"
11/4/2018,"6.360,93"
10/4/2018,"6.325,82"
9/4/2018,"6.246,13"
6/4/2018,"6.175,05"
5/4/2018,"6.183,23"
4/4/2018,"6.157,10"
3/4/2018,"6.229,01"
2/4/2018,"6.240,57"
29/03/2018,"6.188,99"
28/03/2018,"6.140,84"
27/03/2018,"6.209,35"
26/03/2018,"6.200,17"
23/03/2018,"6.210,70"
22/03/2018,"6.254,07"
21/03/2018,"6.312,83"
20/03/2018,"6.243,58"
19/03/2018,"6.289,57"
16/03/2018,"6.304,95"
15/03/2018,"6.321,90"
14/03/2018,"6.382,62"
13/03/2018,"6.412,85"
12/3/2018,"6.500,69"
9/3/2018,"6.433,32"
8/3/2018,"6.443,02"
7/3/2018,"6.368,27"
6/3/2018,"6.500,11"
5/3/2018,"6.550,59"
2/3/2018,"6.582,32"
1/3/2018,"6.606,05"
28/02/2018,"6.597,22"
27/02/2018,"6.598,93"
26/02/2018,"6.554,67"
23/02/2018,"6.619,80"
22/02/2018,"6.593,06"
21/02/2018,"6.643,40"
20/02/2018,"6.662,88"
19/02/2018,"6.689,29"
15/02/2018,"6.591,58"
14/02/2018,"6.594,40"
13/02/2018,"6.578,18"
12/2/2018,"6.523,45"
9/2/2018,"6.505,52"
8/2/2018,"6.544,63"
7/2/2018,"6.534,87"
6/2/2018,"6.478,54"
5/2/2018,"6.589,68"
2/2/2018,"6.628,82"
1/2/2018,"6.598,46"
31/01/2018,"6.605,63"
30/01/2018,"6.575,49"
29/01/2018,"6.680,62"
26/01/2018,"6.660,62"
25/01/2018,"6.615,33"
24/01/2018,"6.615,49"
23/01/2018,"6.635,33"
22/01/2018,"6.500,53"
19/01/2018,"6.490,90"
18/01/2018,"6.472,67"
17/01/2018,"6.444,52"
16/01/2018,"6.429,69"
15/01/2018,"6.382,19"
12/1/2018,"6.370,06"
11/1/2018,"6.386,34"
10/1/2018,"6.371,17"
9/1/2018,"6.373,14"
8/1/2018,"6.385,40"
5/1/2018,"6.353,74"
4/1/2018,"6.292,32"
3/1/2018,"6.251,48"
2/1/2018,"6.339,24"
29/12/2017,"6.355,65"
28/12/2017,"6.314,05"
27/12/2017,"6.277,16"
22/12/2017,"6.221,01"
21/12/2017,"6.183,39"
20/12/2017,"6.109,48"
19/12/2017,"6.167,67"
18/12/2017,"6.133,96"
15/12/2017,"6.119,42"
14/12/2017,"6.113,65"
13/12/2017,"6.054,60"
12/12/2017,"6.032,37"
11/12/2017,"6.026,63"
8/12/2017,"6.030,96"
7/12/2017,"6.006,84"
6/12/2017,"6.035,51"
5/12/2017,"6.000,47"
4/12/2017,"5.998,19"
30/11/2017,"5.952,14"
29/11/2017,"6.061,37"
28/11/2017,"6.070,72"
27/11/2017,"6.064,59"
24/11/2017,"6.067,14"
23/11/2017,"6.063,24"
22/11/2017,"6.069,78"
21/11/2017,"6.031,86"
20/11/2017,"6.053,28"
17/11/2017,"6.051,73"
16/11/2017,"6.037,91"
15/11/2017,"5.972,31"
14/11/2017,"5.988,29"
13/11/2017,"6.021,46"
10/11/2017,"6.021,83"
9/11/2017,"6.042,46"
8/11/2017,"6.049,38"
7/11/2017,"6.060,45"
6/11/2017,"6.050,82"
3/11/2017,"6.039,54"
2/11/2017,"6.031,11"
1/11/2017,"6.038,15"
31/10/2017,"6.005,78"
30/10/2017,"5.974,08"
27/10/2017,"5.975,28"
26/10/2017,"5.995,85"
25/10/2017,"6.025,43"
24/10/2017,"5.952,08"
23/10/2017,"5.950,03"
20/10/2017,"5.929,55"
19/10/2017,"5.910,53"
18/10/2017,"5.929,20"
17/10/2017,"5.947,33"
16/10/2017,"5.949,70"
13/10/2017,"5.924,12"
12/10/2017,"5.926,20"
11/10/2017,"5.882,79"
10/10/2017,"5.905,76"
9/10/2017,"5.914,93"
6/10/2017,"5.905,38"
5/10/2017,"5.901,91"
4/10/2017,"5.951,48"
3/10/2017,"5.939,45"
2/10/2017,"5.914,03"
29/09/2017,"5.900,85"
28/09/2017,"5.841,05"
27/09/2017,"5.863,03"
26/09/2017,"5.863,96"
25/09/2017,"5.894,61"
22/09/2017,"5.911,71"
20/09/2017,"5.906,57"
19/09/2017,"5.901,33"
18/09/2017,"5.884,61"
15/09/2017,"5.872,39"
14/09/2017,"5.852,00"
13/09/2017,"5.845,73"
12/9/2017,"5.872,38"
11/9/2017,"5.871,88"
8/9/2017,"5.857,12"
7/9/2017,"5.832,31"
6/9/2017,"5.824,14"
5/9/2017,"5.829,98"
4/9/2017,"5.813,74"
31/08/2017,"5.864,06"
30/08/2017,"5.872,51"
29/08/2017,"5.888,21"
28/08/2017,"5.903,34"
25/08/2017,"5.915,36"
24/08/2017,"5.894,12"
23/08/2017,"5.914,02"
22/08/2017,"5.880,30"
21/08/2017,"5.861,00"
18/08/2017,"5.893,84"
16/08/2017,"5.891,95"
15/08/2017,"5.835,04"
14/08/2017,"5.801,49"
11/8/2017,"5.766,14"
10/8/2017,"5.825,95"
9/8/2017,"5.824,01"
8/8/2017,"5.810,56"
7/8/2017,"5.749,29"
4/8/2017,"5.777,48"
3/8/2017,"5.780,58"
2/8/2017,"5.824,25"
1/8/2017,"5.805,20"
31/07/2017,"5.840,94"
28/07/2017,"5.831,03"
27/07/2017,"5.819,74"
26/07/2017,"5.800,21"
25/07/2017,"5.813,53"
24/07/2017,"5.801,59"
21/07/2017,"5.765,42"
20/07/2017,"5.825,21"
19/07/2017,"5.806,69"
18/07/2017,"5.822,35"
17/07/2017,"5.841,28"
14/07/2017,"5.831,80"
13/07/2017,"5.830,04"
12/7/2017,"5.819,13"
11/7/2017,"5.773,33"
10/7/2017,"5.771,51"
7/7/2017,"5.814,79"
6/7/2017,"5.849,57"
5/7/2017,"5.825,05"
4/7/2017,"5.865,36"
3/7/2017,"5.910,24"
22/06/2017,"5.829,71"
21/06/2017,"5.818,55"
20/06/2017,"5.791,90"
19/06/2017,"5.741,91"
16/06/2017,"5.723,64"
15/06/2017,"5.776,28"
14/06/2017,"5.792,90"
13/06/2017,"5.707,65"
12/6/2017,"5.691,44"
9/6/2017,"5.675,52"
8/6/2017,"5.702,92"
7/6/2017,"5.717,32"
6/6/2017,"5.707,83"
5/6/2017,"5.748,23"
2/6/2017,"5.742,45"
31/05/2017,"5.738,15"
30/05/2017,"5.693,39"
29/05/2017,"5.712,33"
26/05/2017,"5.716,81"
24/05/2017,"5.703,43"
23/05/2017,"5.730,61"
22/05/2017,"5.749,44"
19/05/2017,"5.791,88"
18/05/2017,"5.645,45"
17/05/2017,"5.615,49"
16/05/2017,"5.647,00"
15/05/2017,"5.688,87"
12/5/2017,"5.675,22"
10/5/2017,"5.653,01"
9/5/2017,"5.697,06"
8/5/2017,"5.707,86"
5/5/2017,"5.683,38"
4/5/2017,"5.669,44"
3/5/2017,"5.647,37"
2/5/2017,"5.675,81"
28/04/2017,"5.685,30"
27/04/2017,"5.707,03"
26/04/2017,"5.726,53"
25/04/2017,"5.680,80"
21/04/2017,"5.664,48"
20/04/2017,"5.595,31"
18/04/2017,"5.606,52"
17/04/2017,"5.577,49"
13/04/2017,"5.616,55"
12/4/2017,"5.644,15"
11/4/2017,"5.627,93"
10/4/2017,"5.644,30"
7/4/2017,"5.653,49"
6/4/2017,"5.680,24"
5/4/2017,"5.676,98"
4/4/2017,"5.651,82"
3/4/2017,"5.606,79"
31/03/2017,"5.568,11"
30/03/2017,"5.592,95"
29/03/2017,"5.592,51"
27/03/2017,"5.541,20"
24/03/2017,"5.567,13"
23/03/2017,"5.563,76"
22/03/2017,"5.534,09"
21/03/2017,"5.543,09"
20/03/2017,"5.533,99"
17/03/2017,"5.540,43"
16/03/2017,"5.518,24"
15/03/2017,"5.432,38"
14/03/2017,"5.431,59"
13/03/2017,"5.409,37"
10/3/2017,"5.390,68"
9/3/2017,"5.402,39"
8/3/2017,"5.393,76"
7/3/2017,"5.402,61"
6/3/2017,"5.409,82"
3/3/2017,"5.391,22"
2/3/2017,"5.408,25"
1/3/2017,"5.363,06"
28/02/2017,"5.386,69"
27/02/2017,"5.382,87"
24/02/2017,"5.385,91"
23/02/2017,"5.372,75"
22/02/2017,"5.358,68"
21/02/2017,"5.340,99"
20/02/2017,"5.359,29"
17/02/2017,"5.350,93"
16/02/2017,"5.378,00"
14/02/2017,"5.380,67"
13/02/2017,"5.409,56"
10/2/2017,"5.371,67"
9/2/2017,"5.372,08"
8/2/2017,"5.361,09"
7/2/2017,"5.381,48"
6/2/2017,"5.395,99"
3/2/2017,"5.360,77"
2/2/2017,"5.353,71"
1/2/2017,"5.327,16"
31/01/2017,"5.294,10"
30/01/2017,"5.302,66"
27/01/2017,"5.312,84"
26/01/2017,"5.317,63"
25/01/2017,"5.293,78"
24/01/2017,"5.292,09"
23/01/2017,"5.250,97"
20/01/2017,"5.254,31"
19/01/2017,"5.298,95"
18/01/2017,"5.294,78"
17/01/2017,"5.266,94"
16/01/2017,"5.270,01"
13/01/2017,"5.272,98"
12/1/2017,"5.292,75"
11/1/2017,"5.301,24"
10/1/2017,"5.309,92"
9/1/2017,"5.316,36"
6/1/2017,"5.347,02"
5/1/2017,"5.325,50"
4/1/2017,"5.301,18"
3/1/2017,"5.275,97"
30/12/2016,"5.296,71"
29/12/2016,"5.302,57"
28/12/2016,"5.209,44"
27/12/2016,"5.102,95"
23/12/2016,"5.027,70"
22/12/2016,"5.042,87"
21/12/2016,"5.111,39"
20/12/2016,"5.162,48"
19/12/2016,"5.191,91"
16/12/2016,"5.231,65"
15/12/2016,"5.254,36"
14/12/2016,"5.262,82"
13/12/2016,"5.293,62"
9/12/2016,"5.308,13"
8/12/2016,"5.303,73"
7/12/2016,"5.265,37"
6/12/2016,"5.272,97"
5/12/2016,"5.268,31"
2/12/2016,"5.245,96"
1/12/2016,"5.198,76"
30/11/2016,"5.148,91"
29/11/2016,"5.136,67"
28/11/2016,"5.114,57"
25/11/2016,"5.122,10"
24/11/2016,"5.107,62"
23/11/2016,"5.212,00"
22/11/2016,"5.204,67"
21/11/2016,"5.148,32"
18/11/2016,"5.170,11"
17/11/2016,"5.193,02"
16/11/2016,"5.185,47"
15/11/2016,"5.078,50"
14/11/2016,"5.115,74"
11/11/2016,"5.231,97"
10/11/2016,"5.450,31"
9/11/2016,"5.414,32"
8/11/2016,"5.470,68"
7/11/2016,"5.386,21"
4/11/2016,"5.362,66"
3/11/2016,"5.329,50"
2/11/2016,"5.405,45"
1/11/2016,"5.416,01"
31/10/2016,"5.422,54"
28/10/2016,"5.410,27"
27/10/2016,"5.416,84"
26/10/2016,"5.399,68"
25/10/2016,"5.397,82"
24/10/2016,"5.421,00"
21/10/2016,"5.409,24"
20/10/2016,"5.403,69"
19/10/2016,"5.409,29"
18/10/2016,"5.430,05"
17/10/2016,"5.410,30"
14/10/2016,"5.399,89"
13/10/2016,"5.340,40"
12/10/2016,"5.364,61"
11/10/2016,"5.382,00"
10/10/2016,"5.360,83"
7/10/2016,"5.377,15"
6/10/2016,"5.409,34"
5/10/2016,"5.420,65"
4/10/2016,"5.472,32"
3/10/2016,"5.463,91"
30/09/2016,"5.364,80"
29/09/2016,"5.431,96"
28/09/2016,"5.425,34"
27/09/2016,"5.419,60"
26/09/2016,"5.352,14"
23/09/2016,"5.388,91"
22/09/2016,"5.380,26"
21/09/2016,"5.342,59"
20/09/2016,"5.302,49"
19/09/2016,"5.321,84"
16/09/2016,"5.267,77"
15/09/2016,"5.265,82"
14/09/2016,"5.146,04"
13/09/2016,"5.215,57"
9/9/2016,"5.281,92"
8/9/2016,"5.371,08"
7/9/2016,"5.381,35"
6/9/2016,"5.372,10"
5/9/2016,"5.356,95"
2/9/2016,"5.353,46"
1/9/2016,"5.334,55"
31/08/2016,"5.386,08"
30/08/2016,"5.362,32"
29/08/2016,"5.370,76"
26/08/2016,"5.438,83"
25/08/2016,"5.454,12"
24/08/2016,"5.403,99"
23/08/2016,"5.417,14"
22/08/2016,"5.427,18"
19/08/2016,"5.416,03"
18/08/2016,"5.461,45"
16/08/2016,"5.371,85"
15/08/2016,"5.320,56"
12/8/2016,"5.377,20"
11/8/2016,"5.419,09"
10/8/2016,"5.423,95"
9/8/2016,"5.440,29"
8/8/2016,"5.458,98"
5/8/2016,"5.420,25"
4/8/2016,"5.373,86"
3/8/2016,"5.351,88"
2/8/2016,"5.373,32"
1/8/2016,"5.361,58"
29/07/2016,"5.215,99"
28/07/2016,"5.299,21"
27/07/2016,"5.274,36"
26/07/2016,"5.224,40"
25/07/2016,"5.220,80"
22/07/2016,"5.197,25"
21/07/2016,"5.216,97"
20/07/2016,"5.242,82"
19/07/2016,"5.172,83"
18/07/2016,"5.127,50"
15/07/2016,"5.110,18"
14/07/2016,"5.083,54"
13/07/2016,"5.133,93"
12/7/2016,"5.099,53"
11/7/2016,"5.069,02"
1/7/2016,"4.971,58"
30/06/2016,"5.016,65"
29/06/2016,"4.980,10"
28/06/2016,"4.882,17"
27/06/2016,"4.836,05"
24/06/2016,"4.834,57"
23/06/2016,"4.874,31"
22/06/2016,"4.896,85"
21/06/2016,"4.878,71"
20/06/2016,"4.863,53"
17/06/2016,"4.835,14"
16/06/2016,"4.814,39"
15/06/2016,"4.814,82"
14/06/2016,"4.821,59"
13/06/2016,"4.807,23"
10/6/2016,"4.848,06"
9/6/2016,"4.876,79"
8/6/2016,"4.916,06"
7/6/2016,"4.933,99"
6/6/2016,"4.896,02"
3/6/2016,"4.853,92"
2/6/2016,"4.833,23"
1/6/2016,"4.839,67"
31/05/2016,"4.796,87"
30/05/2016,"4.836,03"
27/05/2016,"4.814,73"
26/05/2016,"4.784,56"
25/05/2016,"4.772,98"
24/05/2016,"4.710,78"
23/05/2016,"4.743,66"
20/05/2016,"4.711,88"
19/05/2016,"4.704,22"
18/05/2016,"4.734,36"
17/05/2016,"4.729,16"
16/05/2016,"4.731,56"
13/05/2016,"4.761,72"
12/5/2016,"4.803,32"
11/5/2016,"4.799,96"
10/5/2016,"4.763,11"
9/5/2016,"4.749,31"
4/5/2016,"4.822,60"
3/5/2016,"4.812,26"
2/5/2016,"4.808,32"
29/04/2016,"4.838,58"
28/04/2016,"4.848,39"
27/04/2016,"4.845,66"
26/04/2016,"4.814,09"
25/04/2016,"4.878,86"
22/04/2016,"4.914,74"
21/04/2016,"4.903,09"
20/04/2016,"4.876,60"
19/04/2016,"4.881,93"
18/04/2016,"4.865,53"
15/04/2016,"4.823,57"
14/04/2016,"4.814,85"
13/04/2016,"4.853,01"
12/4/2016,"4.829,57"
11/4/2016,"4.786,97"
8/4/2016,"4.846,70"
7/4/2016,"4.867,28"
6/4/2016,"4.868,23"
5/4/2016,"4.858,07"
4/4/2016,"4.850,18"
1/4/2016,"4.843,19"
31/03/2016,"4.845,37"
30/03/2016,"4.816,65"
29/03/2016,"4.781,30"
28/03/2016,"4.773,63"
24/03/2016,"4.827,09"
23/03/2016,"4.854,18"
22/03/2016,"4.856,11"
21/03/2016,"4.885,16"
18/03/2016,"4.885,71"
17/03/2016,"4.885,69"
16/03/2016,"4.861,44"
15/03/2016,"4.849,78"
14/03/2016,"4.877,53"
11/3/2016,"4.813,78"
10/3/2016,"4.793,20"
8/3/2016,"4.811,04"
7/3/2016,"4.831,57"
4/3/2016,"4.850,88"
3/3/2016,"4.844,04"
2/3/2016,"4.836,20"
1/3/2016,"4.779,98"
29/02/2016,"4.770,96"
26/02/2016,"4.733,15"
25/02/2016,"4.658,32"
24/02/2016,"4.657,72"
23/02/2016,"4.654,05"
22/02/2016,"4.708,62"
19/02/2016,"4.697,56"
18/02/2016,"4.778,79"
17/02/2016,"4.765,51"
16/02/2016,"4.745,00"
15/02/2016,"4.740,73"
12/2/2016,"4.714,39"
11/2/2016,"4.775,86"
10/2/2016,"4.732,48"
9/2/2016,"4.768,62"
5/2/2016,"4.798,95"
4/2/2016,"4.665,82"
3/2/2016,"4.596,11"
2/2/2016,"4.587,44"
1/2/2016,"4.624,64"
29/01/2016,"4.615,16"
28/01/2016,"4.602,83"
27/01/2016,"4.583,63"
26/01/2016,"4.510,47"
25/01/2016,"4.505,79"
22/01/2016,"4.456,74"
21/01/2016,"4.414,13"
20/01/2016,"4.427,98"
19/01/2016,"4.491,74"
18/01/2016,"4.481,28"
15/01/2016,"4.523,98"
14/01/2016,"4.513,18"
13/01/2016,"4.537,18"
12/1/2016,"4.512,53"
11/1/2016,"4.465,48"
8/1/2016,"4.546,29"
7/1/2016,"4.530,45"
6/1/2016,"4.608,98"
5/1/2016,"4.557,82"
4/1/2016,"4.525,92"
30/12/2015,"4.593,01"
29/12/2015,"4.569,36"
28/12/2015,"4.557,35"
23/12/2015,"4.522,65"
22/12/2015,"4.517,57"
21/12/2015,"4.490,68"
18/12/2015,"4.468,65"
17/12/2015,"4.555,96"
16/12/2015,"4.483,45"
15/12/2015,"4.409,17"
14/12/2015,"4.374,19"
11/12/2015,"4.393,52"
10/12/2015,"4.466,21"
8/12/2015,"4.464,18"
7/12/2015,"4.521,39"
4/12/2015,"4.508,45"
3/12/2015,"4.537,38"
2/12/2015,"4.545,86"
1/12/2015,"4.557,67"
30/11/2015,"4.446,46"
27/11/2015,"4.560,56"
26/11/2015,"4.597,06"
25/11/2015,"4.585,55"
24/11/2015,"4.545,38"
23/11/2015,"4.541,07"
20/11/2015,"4.561,33"
19/11/2015,"4.518,94"
18/11/2015,"4.497,91"
17/11/2015,"4.500,95"
16/11/2015,"4.442,18"
13/11/2015,"4.472,84"
12/11/2015,"4.462,23"
11/11/2015,"4.451,59"
10/11/2015,"4.451,05"
9/11/2015,"4.499,51"
6/11/2015,"4.566,55"
5/11/2015,"4.577,23"
4/11/2015,"4.612,56"
3/11/2015,"4.533,09"
2/11/2015,"4.464,96"
30/10/2015,"4.455,18"
29/10/2015,"4.472,02"
28/10/2015,"4.608,74"
27/10/2015,"4.674,06"
26/10/2015,"4.691,71"
23/10/2015,"4.653,15"
22/10/2015,"4.584,56"
21/10/2015,"4.605,23"
20/10/2015,"4.585,82"
19/10/2015,"4.569,84"
16/10/2015,"4.521,88"
15/10/2015,"4.507,19"
13/10/2015,"4.483,08"
12/10/2015,"4.630,71"
9/10/2015,"4.589,34"
8/10/2015,"4.491,43"
7/10/2015,"4.487,13"
6/10/2015,"4.445,78"
5/10/2015,"4.343,70"
2/10/2015,"4.207,80"
1/10/2015,"4.254,88"
30/09/2015,"4.223,91"
29/09/2015,"4.178,41"
28/09/2015,"4.120,50"
25/09/2015,"4.209,44"
23/09/2015,"4.244,43"
22/09/2015,"4.344,04"
21/09/2015,"4.376,08"
18/09/2015,"4.380,32"
17/09/2015,"4.378,39"
16/09/2015,"4.332,51"
15/09/2015,"4.347,16"
14/09/2015,"4.390,37"
11/9/2015,"4.360,47"
10/9/2015,"4.343,26"
9/9/2015,"4.347,28"
8/9/2015,"4.318,59"
7/9/2015,"4.301,36"
4/9/2015,"4.415,34"
3/9/2015,"4.433,11"
2/9/2015,"4.401,29"
1/9/2015,"4.412,46"
31/08/2015,"4.509,61"
28/08/2015,"4.446,20"
27/08/2015,"4.430,63"
26/08/2015,"4.237,73"
25/08/2015,"4.228,50"
24/08/2015,"4.163,73"
21/08/2015,"4.335,95"
20/08/2015,"4.441,91"
19/08/2015,"4.484,24"
18/08/2015,"4.510,48"
14/08/2015,"4.585,39"
13/08/2015,"4.584,25"
12/8/2015,"4.479,49"
11/8/2015,"4.622,59"
10/8/2015,"4.748,95"
7/8/2015,"4.770,30"
6/8/2015,"4.806,56"
5/8/2015,"4.850,53"
4/8/2015,"4.781,09"
3/8/2015,"4.800,18"
31/07/2015,"4.802,53"
30/07/2015,"4.712,49"
29/07/2015,"4.721,12"
28/07/2015,"4.714,76"
27/07/2015,"4.771,28"
24/07/2015,"4.856,60"
23/07/2015,"4.902,85"
22/07/2015,"4.906,69"
15/07/2015,"4.869,85"
14/07/2015,"4.901,81"
13/07/2015,"4.893,92"
10/7/2015,"4.859,03"
9/7/2015,"4.838,28"
8/7/2015,"4.871,57"
7/7/2015,"4.906,05"
6/7/2015,"4.916,74"
3/7/2015,"4.982,91"
2/7/2015,"4.944,78"
1/7/2015,"4.904,06"
30/06/2015,"4.910,66"
29/06/2015,"4.882,58"
26/06/2015,"4.923,01"
25/06/2015,"4.920,04"
24/06/2015,"4.953,52"
23/06/2015,"4.937,65"
22/06/2015,"4.959,25"
19/06/2015,"4.985,01"
18/06/2015,"4.945,50"
17/06/2015,"4.945,75"
16/06/2015,"4.872,60"
15/06/2015,"4.837,79"
12/6/2015,"4.935,82"
11/6/2015,"4.928,81"
10/6/2015,"4.933,56"
9/6/2015,"4.899,88"
8/6/2015,"5.014,99"
5/6/2015,"5.100,57"
4/6/2015,"5.095,82"
3/6/2015,"5.130,50"
1/6/2015,"5.213,82"
29/05/2015,"5.216,38"
28/05/2015,"5.237,40"
27/05/2015,"5.253,39"
26/05/2015,"5.320,90"
25/05/2015,"5.288,36"
22/05/2015,"5.315,15"
21/05/2015,"5.313,21"
20/05/2015,"5.292,75"
19/05/2015,"5.269,37"
18/05/2015,"5.237,81"
15/05/2015,"5.227,10"
13/05/2015,"5.246,13"
12/5/2015,"5.205,61"
11/5/2015,"5.172,48"
8/5/2015,"5.182,21"
7/5/2015,"5.150,49"
6/5/2015,"5.184,95"
5/5/2015,"5.160,31"
4/5/2015,"5.141,14"
30/04/2015,"5.086,43"
29/04/2015,"5.105,56"
28/04/2015,"5.242,16"
27/04/2015,"5.245,45"
24/04/2015,"5.435,35"
23/04/2015,"5.436,21"
22/04/2015,"5.437,12"
21/04/2015,"5.460,57"
20/04/2015,"5.400,80"
17/04/2015,"5.410,64"
16/04/2015,"5.420,73"
15/04/2015,"5.414,55"
14/04/2015,"5.419,11"
13/04/2015,"5.447,41"
10/4/2015,"5.491,34"
9/4/2015,"5.500,90"
8/4/2015,"5.486,58"
7/4/2015,"5.523,29"
6/4/2015,"5.480,03"
2/4/2015,"5.456,40"
1/4/2015,"5.466,87"
31/03/2015,"5.518,68"
30/03/2015,"5.438,66"
27/03/2015,"5.396,85"
26/03/2015,"5.368,80"
25/03/2015,"5.405,49"
24/03/2015,"5.447,65"
23/03/2015,"5.437,10"
20/03/2015,"5.443,06"
19/03/2015,"5.453,85"
18/03/2015,"5.413,15"
17/03/2015,"5.439,15"
16/03/2015,"5.435,27"
13/03/2015,"5.426,47"
12/3/2015,"5.439,83"
11/3/2015,"5.419,57"
10/3/2015,"5.462,93"
9/3/2015,"5.444,63"
6/3/2015,"5.514,79"
5/3/2015,"5.450,95"
4/3/2015,"5.448,06"
3/3/2015,"5.474,62"
2/3/2015,"5.477,83"
27/02/2015,"5.450,29"
26/02/2015,"5.451,42"
25/02/2015,"5.445,11"
24/02/2015,"5.417,31"
23/02/2015,"5.403,28"
20/02/2015,"5.400,10"
18/02/2015,"5.390,45"
17/02/2015,"5.337,50"
16/02/2015,"5.325,49"
13/02/2015,"5.374,16"
12/2/2015,"5.343,41"
11/2/2015,"5.336,52"
10/2/2015,"5.321,47"
9/2/2015,"5.348,47"
6/2/2015,"5.342,52"
5/2/2015,"5.279,90"
4/2/2015,"5.315,28"
3/2/2015,"5.291,72"
2/2/2015,"5.276,24"
30/01/2015,"5.289,40"
29/01/2015,"5.262,72"
28/01/2015,"5.268,85"
27/01/2015,"5.277,15"
26/01/2015,"5.260,02"
23/01/2015,"5.323,89"
22/01/2015,"5.253,18"
21/01/2015,"5.215,27"
20/01/2015,"5.166,09"
19/01/2015,"5.152,09"
16/01/2015,"5.148,38"
15/01/2015,"5.188,71"
14/01/2015,"5.159,67"
13/01/2015,"5.214,36"
12/1/2015,"5.187,93"
9/1/2015,"5.216,66"
8/1/2015,"5.211,83"
7/1/2015,"5.207,12"
6/1/2015,"5.169,06"
5/1/2015,"5.219,99"
2/1/2015,"5.242,77"
